{
  "0": {
    "x": 601.1166247949104,
    "y": 350.43425451197044,
    "theta": 272.6025622024998
  },
  "1": {
    "x": 535.3062699773186,
    "y": 412.3835032479057,
    "theta": 97.55634405643946
  },
  "2": {
    "x": 196.33589532480843,
    "y": 317.3514421222714,
    "theta": 316.40698187898204
  },
  "3": {
    "x": 469.18625004881767,
    "y": 381.98688379937903,
    "theta": 175.97173633351485
  },
  "4": {
    "x": 300.44139055734104,
    "y": 391.13166016393853,
    "theta": 173.51692630710275
  },
  "5": {
    "x": 411.7491016591657,
    "y": 411.35424152840284,
    "theta": 175.2363583092738
  },
  "6": {
    "x": 183.0727204902354,
    "y": 335.373398921729,
    "theta": 76.21840276434638
  },
  "7": {
    "x": 284.202705021996,
    "y": 325.7512873850842,
    "theta": 305.6685894747062
  },
  "8": {
    "x": 194.8970659985031,
    "y": 383.5803459938973,
    "theta": 76.21840276434638
  },
  "9": {
    "x": 543.7826507745003,
    "y": 113.65377461538858,
    "theta": 258.0124880565395
  },
  "10": {
    "x": 537.4993869581194,
    "y": 576.0532914891011,
    "theta": 170.73547601486703
  },
  "11": {
    "x": 506.76248118388907,
    "y": 57.79924137449432,
    "theta": 213.29356327084665
  },
  "12": {
    "x": 585.4452045916291,
    "y": 375.4851598469457,
    "theta": 358.0908475670036
  },
  "13": {
    "x": 366.9309437113212,
    "y": 414.2783870051418,
    "theta": 34.01934998982646
  },
  "14": {
    "x": 563.6512395640037,
    "y": 571.7873864540986,
    "theta": 350.735476014867
  },
  "15": {
    "x": 435.7703323218555,
    "y": 514.7533589467845,
    "theta": 257.82854179141253
  },
  "16": {
    "x": 591.1485803904629,
    "y": 564.4192332715545,
    "theta": 54.34467190209969
  },
  "17": {
    "x": 517.0247685160787,
    "y": 289.27571726298845,
    "theta": 55.67894719653514
  },
  "18": {
    "x": 538.1608032246897,
    "y": 324.5828919036564,
    "theta": 87.99044618697886
  },
  "19": {
    "x": 486.33118088517097,
    "y": 435.7335539580961,
    "theta": 43.99491399474582
  },
  "20": {
    "x": 333.630487991841,
    "y": 579.5248700855776,
    "theta": 288.09390654406315
  },
  "21": {
    "x": 549.2055480099585,
    "y": 505.95318813509374,
    "theta": 234.34467190209966
  },
  "22": {
    "x": 531.077053397736,
    "y": 309.85934582203583,
    "theta": 55.67894719653514
  },
  "23": {
    "x": 591.8383413090007,
    "y": 375.27205528969995,
    "theta": 358.0908475670036
  },
  "24": {
    "x": 317.10505990973775,
    "y": 389.23806137389346,
    "theta": 353.5169263071028
  },
  "25": {
    "x": 499.61226872746437,
    "y": 318.80038339773324,
    "theta": 1.7899106082460694
  },
  "26": {
    "x": 205.7933536124758,
    "y": 432.827075865962,
    "theta": 77.53506715793502
  },
  "27": {
    "x": 324.618083246865,
    "y": 363.84345176332147,
    "theta": 262.03038960567864
  },
  "28": {
    "x": 290.60299349117446,
    "y": 392.24965983054835,
    "theta": 353.5169263071028
  },
  "29": {
    "x": 538.9085590872241,
    "y": 385.22778534246413,
    "theta": 97.55634405643946
  }
}