{
  "0":{
    "x": 401.5068252411091,
    "y": 276.01365048221817,
    "theta": 243.43494882292202
  },
  "1": {
    "x": 283.1800447044948,
    "y": 383.16053645393754,
    "theta": 85.23635830927383
  },
  "2": {
    "x": 531.866635523185,
    "y": 438.3130552867595,
    "theta": 97.55634405643946
  },
  "3": {
    "x": 486.32551734580136,
    "y": 44.377951689780005,
    "theta": 213.29356327084665
  },
  "4": {
    "x": 191.269663052546,
    "y": 368.791703214226,
    "theta": 256.21840276434637
  }
}